tag, value
0, on, 2384
1, on, 2393
2, on, 2384
3, off, 2392
4, off, 2384
5, off, 2384
6, on, 2392
7, on, 2392
8, on, 2392
9, off, 2384
10, off, 2392
11, off, 2393
12, on, 2384
13, on, 2393
14, on, 2392
15, off, 2392
16, off, 2393
17, off, 2392
18, on, 2392
19, on, 2392
20, on, 2392
21, off, 2392
22, off, 2392
23, off, 2392
24, on, 2392
25, on, 2385
26, on, 2392
27, off, 2392
28, off, 2392
29, off, 2393
30, on, 2385
31, on, 2384
32, on, 2392
33, off, 2393
34, off, 2392
35, off, 2385
36, on, 2384
37, on, 2392
38, on, 2384
39, off, 2392
40, off, 2392
41, off, 2384
42, on, 2392
43, on, 2392
44, on, 2393
45, off, 2384
46, off, 2400
47, off, 2392
48, on, 2392
49, on, 2384
50, on, 2393
51, off, 2400
52, off, 2384
53, off, 2392
54, on, 2393
55, on, 2384
56, on, 2385
57, off, 2392
58, off, 2393
59, off, 2392
60, on, 2392
61, on, 2392
62, on, 2385
63, off, 2384
64, off, 2392
65, off, 2384
66, on, 2385
67, on, 2384
68, on, 2392
69, off, 2384
70, off, 2392
71, off, 2385
72, on, 2385
73, on, 2393
74, on, 2384
75, off, 2392
76, off, 2392
77, off, 2392
78, on, 2392
79, on, 2392
80, on, 2384
81, off, 2384
82, off, 2384
83, off, 2392
84, on, 2392
85, on, 2392
86, on, 2384
87, off, 2392
88, off, 2384
89, off, 2392
90, on, 2392
91, on, 2392
92, on, 2392
93, off, 2392
94, off, 2393
95, off, 2393
96, on, 2392
97, on, 2392
98, on, 2392
99, off, 2392
100, off, 2384
101, off, 2392
102, on, 2384
103, on, 2392
104, on, 2392
105, off, 2393
106, off, 2392
107, off, 2392
108, on, 2392
109, on, 2392
110, on, 2385
111, off, 2385
112, off, 2401
113, off, 2385
114, on, 2384
115, on, 2384
116, on, 2392
117, off, 2392
118, off, 2384
119, off, 2393
120, on, 2384
121, on, 2384
122, on, 2393
123, off, 2392
124, off, 2392
125, off, 2393
126, on, 2392
127, on, 2393
128, on, 2384
129, off, 2385
130, off, 2393
131, off, 2392
132, on, 2392
133, on, 2384
134, on, 2392
135, off, 2392
136, off, 2384
137, off, 2392
138, on, 2393
139, on, 2392
140, on, 2384
141, off, 2400
142, off, 2400
143, off, 2392
144, on, 2392
145, on, 2392
146, on, 2384
147, off, 2392
148, off, 2384
149, off, 2392
150, on, 2384
151, on, 2392
152, on, 2392
153, off, 2392
154, off, 2392
155, off, 2392
156, on, 2385
157, on, 2392
158, on, 2392
159, off, 2392
160, off, 2384
161, off, 2392
162, on, 2385
163, on, 2384
164, on, 2392
165, off, 2385
166, off, 2392
167, off, 2393
168, on, 2392
169, on, 2385
170, on, 2384
171, off, 2392
172, off, 2393
173, off, 2393
174, on, 2384
175, on, 2393
176, on, 2384
177, off, 2393
178, off, 2393
179, off, 2392
180, on, 2384
181, on, 2384
182, on, 2392
183, off, 2393
184, off, 2393
185, off, 2385
186, on, 2385
187, on, 2392
188, on, 2392
189, off, 2400
190, off, 2392
191, off, 2392
192, on, 2392
193, on, 2392
194, on, 2384
195, off, 2392
196, off, 2392
197, off, 2392
198, on, 2384
199, on, 2392
200, on, 2393
201, off, 2392
202, off, 2384
203, off, 2393
204, on, 2385
205, on, 2392
206, on, 2392
207, off, 2384
208, off, 2392
209, off, 2392
210, on, 2392
211, on, 2392
212, on, 2384
213, off, 2392
214, off, 2392
215, off, 2384
216, on, 2384
217, on, 2384
218, on, 2392
219, off, 2384
220, off, 2393
221, off, 2393
222, on, 2384
223, on, 2392
224, on, 2400
225, off, 2392
226, off, 2392
227, off, 2393
228, on, 2392
229, on, 2393
230, on, 2384
231, off, 2401
232, off, 2393
233, off, 2393
234, on, 2392
235, on, 2392
236, on, 2384
237, off, 2392
238, off, 2392
239, off, 2392
240, on, 2384
241, on, 2393
242, on, 2384
243, off, 2392
244, off, 2392
245, off, 2392
246, on, 2392
247, on, 2393
248, on, 2392
249, off, 2392
250, off, 2393
251, off, 2392
252, on, 2392
253, on, 2385
254, on, 2392
255, off, 2393
256, off, 2392
257, off, 2393
258, on, 2392
259, on, 2392
260, on, 2392
261, off, 2384
262, off, 2384
263, off, 2393
264, on, 2384
265, on, 2392
266, on, 2392
267, off, 2384
268, off, 2393
269, off, 2392
270, on, 2393
271, on, 2392
272, on, 2392
273, off, 2392
274, off, 2392
275, off, 2392
276, on, 2392
277, on, 2392
278, on, 2392
279, off, 2393
280, off, 2393
281, off, 2384
282, on, 2385
283, on, 2385
284, on, 2385
285, off, 2392
286, off, 2392
287, off, 2392
288, on, 2392
289, on, 2392
290, on, 2392
291, off, 2393
292, off, 2392
293, off, 2392
294, on, 2384
295, on, 2392
296, on, 2392
297, off, 2400
298, off, 2393
299, off, 2393
300, on, 2384
301, on, 2384
302, on, 2384
303, off, 2384
304, off, 2384
305, off, 2384
306, on, 2384
307, on, 2385
308, on, 2384
309, off, 2384
310, off, 2384
311, off, 2392
312, on, 2392
313, on, 2393
314, on, 2392
315, off, 2400
316, off, 2400
317, off, 2400
318, on, 2392
319, on, 2401
320, on, 2392
321, off, 2393
322, off, 2384
323, off, 2392
324, on, 2385
325, on, 2385
326, on, 2376
327, off, 2384
328, off, 2392
329, off, 2392
330, on, 2392
331, on, 2393
332, on, 2400
333, off, 2393
334, off, 2393
335, off, 2400
336, on, 2400
337, on, 2400
338, on, 2392
339, off, 2392
340, off, 2392
341, off, 2393
342, on, 2384
343, on, 2384
344, on, 2384
345, off, 2384
346, off, 2384
347, off, 2384
348, on, 2384
349, on, 2392
350, on, 2392
351, off, 2392
352, off, 2392
353, off, 2392
354, on, 2392
355, on, 2400
356, on, 2392
357, off, 2393
358, off, 2401
359, off, 2400
360, on, 2393
361, on, 2393
362, on, 2392
363, off, 2384
364, off, 2384
365, off, 2392
366, on, 2384
367, on, 2384
368, on, 2385
369, off, 2393
370, off, 2384
371, off, 2392
372, on, 2392
373, on, 2393
374, on, 2392
375, off, 2392
376, off, 2392
377, off, 2400
378, on, 2400
379, on, 2392
380, on, 2393
381, off, 2392
382, off, 2400
383, off, 2393
384, on, 2384
385, on, 2384
386, on, 2384
387, off, 2384
388, off, 2384
389, off, 2385
390, on, 2384
391, on, 2384
392, on, 2385
393, off, 2392
394, off, 2393
395, off, 2393
396, on, 2392
397, on, 2392
398, on, 2400
399, off, 2400
400, off, 2393
401, off, 2393
402, on, 2393
403, on, 2392
404, on, 2400
405, off, 2385
406, off, 2385
407, off, 2384
408, on, 2384
409, on, 2384
410, on, 2384
411, off, 2392
412, off, 2385
413, off, 2392
414, on, 2400
415, on, 2385
416, on, 2392
417, off, 2392
418, off, 2392
419, off, 2400
420, on, 2392
421, on, 2392
422, on, 2392
423, off, 2393
424, off, 2384
425, off, 2385
426, on, 2384
427, on, 2384
428, on, 2384
429, off, 2384
430, off, 2384
431, off, 2392
432, on, 2392
433, on, 2392
434, on, 2385
435, off, 2400
436, off, 2392
437, off, 2392
438, on, 2392
439, on, 2400
440, on, 2392
441, off, 2400
442, off, 2392
443, off, 2393
444, on, 2384
445, on, 2385
446, on, 2384
447, off, 2384
448, off, 2384
449, off, 2384
450, on, 2384
451, on, 2384
452, on, 2385
453, off, 2392
454, off, 2392
455, off, 2393
456, on, 2384
457, on, 2392
458, on, 2392
459, off, 2401
460, off, 2392
461, off, 2392
462, on, 2392
463, on, 2392
464, on, 2392
465, off, 2384
466, off, 2384
467, off, 2384
468, on, 2384
469, on, 2385
470, on, 2384
471, off, 2384
472, off, 2384
473, off, 2385
474, on, 2384
475, on, 2384
476, on, 2393
477, off, 2393
478, off, 2393
479, off, 2400
480, on, 2401
481, on, 2400
482, on, 2392
483, off, 2400
484, off, 2400
485, off, 2392
486, on, 2385
487, on, 2384
488, on, 2384
489, off, 2384
490, off, 2384
491, off, 2384
492, on, 2385
493, on, 2392
494, on, 2384
495, off, 2385
496, off, 2392
497, off, 2385
498, on, 2400
499, on, 2392
500, on, 2392
501, off, 2400
502, off, 2392
503, off, 2392
504, on, 2392
505, on, 2392
506, on, 2392
507, off, 2384
508, off, 2385
509, off, 2384
510, on, 2384
511, on, 2384
512, on, 2384
513, off, 2384
514, off, 2384
515, off, 2392
516, on, 2392
517, on, 2393
518, on, 2392
519, off, 2392
520, off, 2401
521, off, 2393
522, on, 2392
523, on, 2392
524, on, 2393
525, off, 2400
526, off, 2392
527, off, 2385
528, on, 2385
529, on, 2384
530, on, 2384
531, off, 2384
532, off, 2384
533, off, 2392
534, on, 2385
535, on, 2392
536, on, 2393
537, off, 2393
538, off, 2393
539, off, 2392
540, on, 2392
541, on, 2400
542, on, 2392
543, off, 2400
544, off, 2392
545, off, 2392
546, on, 2384
547, on, 2392
548, on, 2384
549, off, 2384
550, off, 2384
551, off, 2384
552, on, 2384
553, on, 2384
554, on, 2384
555, off, 2392
556, off, 2385
557, off, 2393
558, on, 2392
559, on, 2385
560, on, 2400
561, off, 2400
562, off, 2392
563, off, 2401
564, on, 2392
565, on, 2393
566, on, 2385
567, off, 2384
568, off, 2385
569, off, 2384
570, on, 2384
571, on, 2385
572, on, 2384
573, off, 2392
574, off, 2384
575, off, 2392
576, on, 2392
577, on, 2384
578, on, 2384
579, off, 2392
580, off, 2392
581, off, 2400
582, on, 2392
583, on, 2401
584, on, 2400
585, off, 2400
586, off, 2392
587, off, 2384
588, on, 2376
589, on, 2384
590, on, 2384
591, off, 2384
592, off, 2385
593, off, 2384
594, on, 2392
595, on, 2384
596, on, 2384
597, off, 2393
598, off, 2393
599, off, 2385
